PC1,PC2,Cumulative
0.4944755770850159,0.26661065805152284,0.7610862351365387
