PC1,PC2,Cumulative
0.6352117587350996,0.36478824126490045,1.0
